"{{1189, 5, 37, 22}, {32, 4, 31, 6}, {150, 160, 121, 15}, {16, 167, 10, 3}}","{{395, 3, 40, 14}, {26, 4, 33, 4}, {61, 187, 44, 10}, {23, 109, 4, 3}}","{{627, 3, 34, 5}, {8, 6, 23, 3}, {80, 61, 72, 11}, {8, 42, 5, 0}}","{{0, 0, 0, 0}, {0, 0, 0, 0}, {0, 0, 0, 0}, {0, 0, 0, 0}}"
"{{1138, 147, 220, 63}, {126, 24, 59, 9}, {3, 16, 10, 31}, {6, 169, 45, 12}}","{{532, 77, 10, 3}, {64, 1, 3, 4}, {3, 11, 1, 16}, {5, 8, 21, 7}}","{{541, 67, 178, 45}, {47, 16, 25, 0}, {0, 9, 3, 0}, {0, 141, 0, 0}}","{{0, 0, 0, 0}, {0, 0, 0, 0}, {0, 0, 0, 0}, {0, 0, 0, 0}}"
"{{55, 7, 8, 12}, {5, 916, 139, 209}, {103, 16, 25, 169}, {22, 29, 40, 5}}","{{11, 4, 6, 1}, {1, 1233, 110, 73}, {108, 11, 6, 45}, {6, 7, 9, 2}}","{{45, 0, 0, 6}, {0, 62, 42, 126}, {26, 9, 16, 104}, {13, 30, 38, 6}}","{{0, 0, 0, 0}, {0, 0, 0, 0}, {0, 0, 0, 0}, {0, 0, 0, 0}}"
"{{1203, 206, 188, 157}, {29, 18, 173, 25}, {21, 55, 7, 6}, {1, 6, 5, 55}}","{{969, 79, 196, 67}, {6, 23, 124, 14}, {37, 24, 5, 11}, {4, 4, 6, 30}}","{{39, 6, 24, 13}, {1, 6, 21, 2}, {8, 8, 1, 2}, {1, 1, 3, 26}}","{{0, 0, 0, 0}, {0, 0, 0, 0}, {0, 0, 0, 0}, {0, 0, 0, 0}}"
"{{1417, 252, 63, 18}, {28, 4, 214, 28}, {38, 8, 58, 7}, {4, 1, 161, 148}}","{{579, 153, 46, 10}, {18, 7, 101, 13}, {27, 6, 27, 6}, {15, 5, 85, 67}}","{{215, 3, 2, 8}, {1, 0, 3, 0}, {1, 0, 2, 0}, {0, 0, 45, 22}}","{{0, 0, 0, 0}, {0, 0, 0, 0}, {0, 0, 0, 0}, {0, 0, 0, 0}}"
"{{471, 36, 26, 36}, {4, 2, 27, 3}, {1, 6, 320, 38}, {225, 25, 45, 13}}","{{1239, 186, 27, 132}, {24, 3, 32, 8}, {2, 8, 42, 2}, {59, 12, 16, 5}}","{{348, 49, 56, 46}, {6, 5, 26, 2}, {3, 0, 46, 7}, {34, 4, 5, 1}}","{{153, 20, 2, 23}, {2, 1, 2, 0}, {0, 0, 0, 0}, {0, 0, 0, 0}}"
"{{409, 3, 5, 47}, {30, 31, 4, 2}, {2, 9, 3, 26}, {5, 4, 2, 1}}","{{671, 129, 92, 62}, {10, 53, 7, 9}, {13, 14, 1, 4}, {1, 4, 4, 13}}","{{1043, 268, 213, 177}, {70, 142, 25, 0}, {26, 43, 10, 56}, {7, 11, 0, 32}}","{{88, 8, 8, 5}, {1, 11, 0, 0}, {0, 0, 0, 1}, {0, 0, 0, 1}}"
"{{14, 475, 44, 80}, {13, 46, 2, 9}, {11, 61, 4, 1}, {9, 1, 19, 1}}","{{52, 1642, 239, 327}, {97, 183, 34, 38}, {0, 255, 37, 13}, {78, 12, 0, 5}}","{{0, 94, 8, 1}, {1, 8, 0, 0}, {0, 2, 0, 0}, {0, 0, 0, 0}}","{{0, 0, 0, 0}, {0, 0, 0, 0}, {0, 0, 0, 0}, {0, 0, 0, 0}}"
"{{84, 76, 72, 10}, {644, 33, 7, 4}, {60, 4, 14, 4}, {22, 1, 5, 1}}","{{200, 311, 158, 26}, {1444, 71, 39, 7}, {239, 34, 52, 8}, {63, 11, 12, 4}}","{{7, 21, 7, 0}, {123, 7, 1, 0}, {19, 3, 0, 2}, {2, 1, 2, 1}}","{{0, 0, 0, 0}, {0, 0, 0, 0}, {0, 0, 0, 0}, {0, 0, 0, 0}}"
"{{2, 125, 259, 50}, {108, 31, 3, 181}, {22, 31, 5, 54}, {7, 12, 4, 16}}","{{1044, 131, 119, 57}, {101, 12, 7, 114}, {17, 32, 9, 32}, {5, 6, 2, 15}}","{{856, 35, 30, 4}, {28, 4, 1, 23}, {2, 3, 0, 1}, {1, 1, 0, 5}}","{{309, 0, 0, 0}, {0, 0, 0, 0}, {0, 0, 0, 0}, {0, 0, 0, 0}}"
"{{111, 17, 18, 521}, {56, 149, 22, 58}, {8, 14, 2, 23}, {4, 2, 5, 2}}","{{200, 21, 68, 1608}, {229, 244, 89, 172}, {28, 32, 9, 38}, {9, 11, 14, 4}}","{{7, 3, 1, 82}, {6, 15, 0, 7}, {0, 1, 0, 5}, {1, 0, 0, 0}}","{{0, 0, 0, 0}, {0, 0, 0, 0}, {0, 0, 0, 0}, {0, 0, 0, 0}}"
"{{194, 13, 21, 5}, {163, 22, 22, 7}, {150, 12, 2, 6}, {41, 26, 6, 1}}","{{138, 145, 16, 4}, {107, 16, 37, 7}, {1401, 187, 18, 6}, {41, 41, 4, 1}}","{{76, 49, 10, 2}, {48, 3, 7, 5}, {466, 35, 6, 2}, {29, 20, 3, 4}}","{{0, 30, 0, 0}, {0, 0, 0, 0}, {194, 57, 10, 0}, {0, 0, 0, 0}}"
"{{81, 9, 74, 8}, {9, 6, 513, 44}, {30, 5, 2, 3}, {2, 39, 24, 4}}","{{239, 22, 150, 24}, {30, 10, 613, 158}, {56, 23, 8, 6}, {4, 116, 32, 7}}","{{45, 6, 80, 9}, {18, 3, 1041, 82}, {23, 8, 1, 5}, {0, 79, 27, 2}}","{{43, 10, 14, 0}, {9, 0, 44, 7}, {2, 0, 0, 0}, {0, 3, 4, 0}}"
"{{2, 48, 36, 22}, {6, 30, 6, 16}, {5, 2, 8, 6}, {34, 7, 14, 3}}","{{1678, 216, 52, 137}, {5, 134, 18, 45}, {8, 4, 20, 3}, {145, 13, 22, 8}}","{{149, 105, 9, 24}, {0, 120, 14, 9}, {2, 0, 15, 5}, {66, 8, 27, 1}}","{{382, 39, 14, 54}, {0, 34, 3, 17}, {4, 0, 4, 0}, {46, 8, 3, 1}}"
"{{4, 1, 143, 28}, {1, 10, 6, 1}, {2, 13, 62, 8}, {13, 6, 5, 78}}","{{1223, 183, 71, 7}, {36, 1, 237, 33}, {47, 1, 2, 5}, {2, 0, 283, 6}}","{{718, 72, 23, 1}, {1, 0, 11, 7}, {3, 0, 23, 0}, {4, 0, 21, 27}}","{{266, 35, 0, 0}, {9, 0, 64, 0}, {14, 0, 0, 0}, {0, 0, 99, 0}}"
"{{2, 72, 33, 8}, {9, 58, 1, 16}, {6, 218, 29, 49}, {7, 179, 155, 23}}","{{247, 13, 7, 1}, {1, 8, 7, 3}, {0, 52, 5, 2}, {1311, 52, 31, 8}}","{{62, 26, 7, 2}, {4, 21, 1, 0}, {0, 48, 7, 15}, {220, 60, 51, 5}}","{{97, 0, 0, 0}, {0, 0, 4, 0}, {0, 0, 0, 0}, {673, 0, 0, 0}}"
"{{4, 3, 39, 5}, {11, 27, 3, 23}, {7, 7, 1, 1}, {33, 1, 1, 3}}","{{164, 288, 8, 52}, {2, 1094, 111, 7}, {60, 4, 213, 22}, {1, 6, 12, 3}}","{{54, 14, 0, 2}, {0, 597, 75, 6}, {2, 0, 7, 3}, {32, 7, 6, 0}}","{{69, 103, 0, 28}, {0, 493, 48, 0}, {42, 0, 97, 15}, {0, 0, 0, 0}}"
"{{974, 216, 2, 1}, {5, 3, 1, 2}, {47, 8, 9, 3}, {8, 1, 50, 11}}","{{1094, 40, 75, 29}, {6, 172, 23, 30}, {5, 1, 10, 3}, {2, 110, 9, 17}}","{{143, 152, 113, 5}, {0, 60, 7, 9}, {35, 4, 0, 0}, {4, 131, 52, 8}}","{{0, 0, 47, 12}, {0, 83, 10, 25}, {0, 0, 0, 0}, {0, 49, 0, 0}}"
"{{156, 118, 9, 11}, {898, 177, 68, 19}, {20, 113, 20, 42}, {10, 59, 13, 5}}","{{127, 98, 2, 1}, {1228, 185, 25, 16}, {22, 160, 18, 15}, {1, 19, 5, 1}}","{{8, 21, 0, 1}, {85, 46, 18, 1}, {5, 45, 3, 9}, {3, 9, 1, 0}}","{{0, 0, 0, 0}, {0, 0, 0, 0}, {0, 0, 0, 0}, {0, 0, 0, 0}}"
"{{1534, 280, 59, 168}, {8, 26, 5, 12}, {8, 204, 24, 32}, {203, 32, 48, 2}}","{{112, 36, 36, 31}, {2, 8, 9, 1}, {5, 57, 8, 4}, {51, 19, 23, 3}}","{{565, 92, 16, 38}, {1, 7, 0, 0}, {6, 30, 4, 11}, {64, 15, 16, 1}}","{{0, 0, 0, 0}, {0, 0, 0, 0}, {0, 0, 0, 0}, {0, 0, 0, 0}}"
"{{4, 176, 15, 4}, {1, 23, 1, 34}, {6, 12, 2, 11}, {2, 4, 9, 1}}","{{1389, 14, 279, 53}, {159, 1, 6, 201}, {23, 38, 8, 8}, {29, 36, 4, 5}}","{{199, 101, 14, 4}, {12, 12, 4, 7}, {12, 1, 4, 0}, {1, 4, 0, 0}}","{{619, 0, 100, 50}, {65, 0, 0, 76}, {0, 15, 0, 0}, {15, 43, 0, 0}}"
"{{1, 69, 91, 12}, {9, 28, 10, 56}, {10, 4, 774, 1}, {1, 177, 2, 13}}","{{119, 14, 127, 15}, {2, 13, 1, 15}, {2, 2, 1399, 241}, {25, 9, 50, 6}}","{{142, 28, 19, 9}, {0, 0, 3, 16}, {1, 0, 38, 12}, {21, 132, 14, 0}}","{{29, 0, 0, 0}, {0, 0, 0, 0}, {0, 0, 0, 154}, {0, 0, 0, 0}}"
"{{49, 88, 5, 36}, {7, 3, 772, 99}, {166, 11, 18, 152}, {22, 6, 42, 2}}","{{62, 146, 6, 29}, {12, 3, 1427, 190}, {241, 25, 29, 164}, {19, 8, 45, 11}}","{{0, 3, 0, 1}, {0, 0, 12, 2}, {1, 0, 0, 2}, {0, 0, 0, 0}}","{{0, 0, 0, 0}, {0, 0, 0, 0}, {0, 0, 0, 0}, {0, 0, 0, 0}}"
"{{52, 29, 177, 7}, {41, 7, 9, 919}, {250, 18, 5, 19}, {27, 4, 133, 114}}","{{52, 18, 141, 7}, {37, 6, 10, 1008}, {158, 15, 6, 22}, {39, 2, 128, 94}}","{{7, 0, 0, 0}, {9, 0, 0, 284}, {0, 3, 0, 0}, {0, 0, 30, 29}}","{{0, 0, 0, 0}, {0, 0, 0, 0}, {0, 0, 0, 0}, {0, 0, 0, 0}}"
"{{20, 5, 18, 26}, {8, 8, 8, 5}, {482, 105, 126, 83}, {12, 127, 43, 42}}","{{21, 3, 16, 26}, {1, 1, 8, 1}, {1488, 123, 199, 104}, {11, 142, 39, 21}}","{{6, 3, 7, 14}, {5, 4, 3, 0}, {241, 63, 83, 50}, {13, 49, 29, 24}}","{{0, 0, 0, 0}, {0, 0, 0, 0}, {0, 0, 0, 0}, {0, 0, 0, 0}}"
"{{9, 170, 140, 1}, {14, 16, 105, 9}, {4, 20, 3, 6}, {28, 22, 6, 2}}","{{1455, 79, 202, 133}, {26, 43, 165, 22}, {10, 65, 9, 0}, {75, 9, 4, 15}}","{{272, 42, 66, 63}, {7, 7, 48, 10}, {0, 2, 1, 0}, {8, 5, 1, 2}}","{{475, 0, 0, 40}, {0, 0, 0, 0}, {0, 0, 0, 0}, {0, 0, 0, 0}}"
"{{6, 58, 2, 19}, {21, 7, 37, 9}, {1, 214, 1, 2}, {6, 1, 34, 2}}","{{160, 17, 133, 11}, {14, 2, 19, 3}, {1284, 100, 134, 8}, {9, 20, 19, 2}}","{{95, 36, 78, 6}, {12, 2, 31, 1}, {795, 94, 119, 4}, {4, 12, 13, 2}}","{{30, 0, 24, 0}, {0, 0, 0, 0}, {131, 0, 64, 0}, {0, 8, 0, 0}}"
"{{9, 157, 133, 15}, {132, 5, 149, 20}, {18, 1, 11, 23}, {6, 26, 5, 5}}","{{1229, 34, 25, 5}, {107, 1, 150, 44}, {17, 5, 20, 27}, {4, 19, 3, 8}}","{{84, 100, 79, 16}, {79, 0, 109, 47}, {12, 5, 10, 16}, {4, 42, 5, 6}}","{{889, 0, 0, 0}, {0, 0, 0, 0}, {0, 0, 0, 0}, {0, 0, 0, 0}}"
"{{8, 2, 26, 4}, {51, 7, 16, 23}, {4, 67, 2, 18}, {9, 11, 53, 4}}","{{1514, 194, 21, 154}, {1, 1, 3, 1}, {215, 7, 141, 1}, {2, 3, 7, 2}}","{{112, 12, 0, 7}, {14, 5, 0, 17}, {2, 37, 14, 17}, {0, 0, 27, 0}}","{{577, 83, 0, 153}, {0, 0, 0, 0}, {187, 0, 80, 0}, {0, 0, 0, 0}}"
"{{1573, 199, 269, 173}, {27, 202, 22, 37}, {7, 34, 6, 3}, {38, 2, 5, 28}}","{{344, 28, 35, 21}, {5, 28, 3, 6}, {7, 27, 1, 3}, {27, 2, 3, 1}}","{{294, 64, 104, 43}, {15, 88, 16, 23}, {0, 26, 12, 0}, {46, 7, 5, 7}}","{{0, 0, 0, 0}, {0, 0, 0, 0}, {0, 0, 0, 0}, {0, 0, 0, 0}}"
"{{1467, 322, 73, 167}, {25, 32, 246, 27}, {50, 55, 9, 15}, {4, 182, 6, 8}}","{{612, 74, 34, 52}, {7, 13, 54, 10}, {13, 29, 4, 4}, {2, 85, 3, 6}}","{{132, 12, 4, 18}, {4, 2, 18, 4}, {3, 3, 0, 0}, {0, 24, 2, 0}}","{{0, 0, 0, 0}, {0, 0, 0, 0}, {0, 0, 0, 0}, {0, 0, 0, 0}}"
"{{38, 265, 81, 8}, {1, 27, 10, 73}, {15, 3, 42, 8}, {1, 1, 22, 28}}","{{1126, 25, 5, 1}, {225, 4, 2, 3}, {1, 3, 17, 2}, {187, 141, 4, 3}}","{{42, 118, 25, 2}, {33, 10, 2, 11}, {3, 0, 7, 3}, {22, 13, 10, 16}}","{{1005, 0, 0, 0}, {59, 0, 0, 0}, {0, 0, 0, 0}, {81, 82, 0, 0}}"
"{{1375, 184, 1, 18}, {20, 22, 1, 12}, {26, 5, 5, 191}, {6, 33, 5, 5}}","{{186, 28, 128, 6}, {4, 4, 40, 2}, {3, 14, 1, 33}, {176, 2, 6, 8}}","{{650, 79, 32, 12}, {23, 15, 1, 0}, {58, 0, 0, 184}, {32, 76, 0, 0}}","{{0, 0, 76, 0}, {0, 0, 24, 0}, {0, 0, 0, 0}, {104, 0, 0, 0}}"
"{{129, 9, 2, 11}, {59, 13, 11, 18}, {325, 85, 22, 40}, {273, 39, 64, 5}}","{{902, 174, 133, 0}, {3, 1, 2, 1}, {19, 1, 14, 1}, {9, 2, 23, 1}}","{{53, 3, 3, 0}, {4, 0, 0, 0}, {64, 25, 0, 6}, {36, 0, 0, 0}}","{{1127, 105, 99, 0}, {0, 0, 0, 0}, {0, 0, 0, 0}, {0, 0, 0, 0}}"
"{{1216, 135, 250, 73}, {130, 15, 28, 9}, {200, 66, 11, 14}, {26, 3, 44, 7}}","{{371, 59, 25, 37}, {41, 10, 2, 1}, {20, 21, 1, 3}, {1, 3, 5, 4}}","{{624, 97, 133, 1}, {66, 11, 17, 1}, {98, 0, 1, 2}, {14, 0, 17, 3}}","{{0, 0, 0, 0}, {0, 0, 0, 0}, {0, 0, 0, 0}, {0, 0, 0, 0}}"
"{{300, 80, 33, 34}, {7, 195, 42, 7}, {66, 13, 15, 4}, {1612, 238, 179, 20}}","{{62, 15, 2, 7}, {4, 77, 13, 5}, {12, 0, 1, 1}, {498, 41, 46, 14}}","{{46, 16, 1, 6}, {0, 46, 11, 2}, {9, 0, 3, 1}, {101, 12, 12, 7}}","{{0, 0, 0, 0}, {0, 0, 0, 0}, {0, 0, 0, 0}, {0, 0, 0, 0}}"
"{{184, 249, 64, 176}, {5, 200, 51, 10}, {12, 3, 1716, 21}, {32, 22, 40, 9}}","{{86, 120, 45, 53}, {6, 95, 32, 3}, {6, 3, 391, 12}, {12, 17, 23, 4}}","{{21, 39, 2, 8}, {0, 23, 4, 0}, {1, 0, 104, 3}, {3, 2, 3, 1}}","{{0, 0, 0, 0}, {0, 0, 0, 0}, {0, 0, 0, 0}, {0, 0, 0, 0}}"
"{{369, 19, 30, 32}, {15, 14, 2, 4}, {55, 6, 6, 29}, {7, 1, 3, 3}}","{{821, 125, 231, 66}, {92, 20, 24, 5}, {151, 19, 29, 55}, {5, 8, 6, 3}}","{{896, 132, 143, 13}, {103, 2, 21, 2}, {111, 16, 30, 3}, {1, 8, 5, 0}}","{{125, 15, 4, 0}, {27, 0, 0, 0}, {1, 0, 1, 0}, {0, 2, 0, 0}}"
"{{168, 16, 167, 17}, {23, 7, 9, 231}, {59, 16, 42, 6}, {3, 4, 7, 3}}","{{141, 14, 90, 12}, {24, 6, 4, 1604}, {185, 67, 161, 22}, {7, 56, 5, 3}}","{{87, 16, 58, 11}, {11, 1, 2, 202}, {23, 13, 20, 4}, {1, 17, 1, 0}}","{{12, 1, 3, 1}, {8, 0, 4, 174}, {24, 15, 14, 4}, {0, 10, 0, 0}}"
"{{15, 17, 3, 9}, {414, 41, 136, 27}, {38, 5, 11, 1}, {119, 22, 6, 2}}","{{26, 47, 11, 10}, {1080, 194, 265, 68}, {147, 30, 36, 10}, {198, 54, 5, 3}}","{{0, 2, 0, 0}, {598, 48, 7, 13}, {44, 1, 0, 0}, {1, 10, 2, 1}}","{{0, 0, 0, 0}, {119, 8, 0, 3}, {8, 0, 0, 0}, {0, 1, 0, 0}}"
"{{1316, 40, 26, 8}, {7, 10, 3, 40}, {45, 11, 54, 19}, {7, 21, 3, 6}}","{{760, 160, 124, 17}, {2, 18, 2, 175}, {26, 16, 130, 31}, {4, 25, 4, 7}}","{{135, 88, 79, 9}, {2, 13, 1, 183}, {35, 18, 131, 15}, {3, 30, 5, 6}}","{{0, 3, 8, 2}, {0, 0, 0, 10}, {5, 2, 3, 1}, {0, 11, 1, 0}}"
"{{1415, 229, 106, 29}, {10, 192, 27, 13}, {80, 10, 13, 6}, {198, 158, 22, 40}}","{{721, 156, 2, 16}, {1, 114, 13, 1}, {2, 2, 5, 0}, {81, 74, 12, 24}}","{{75, 23, 3, 2}, {0, 12, 1, 0}, {5, 1, 1, 0}, {12, 5, 2, 2}}","{{0, 0, 0, 0}, {0, 0, 0, 0}, {0, 0, 0, 0}, {0, 0, 0, 0}}"
"{{278, 66, 33, 4}, {18, 37, 58, 7}, {15, 5, 3, 221}, {166, 28, 7, 153}}","{{106, 28, 12, 3}, {22, 26, 21, 5}, {4, 1, 1405, 55}, {57, 8, 6, 147}}","{{24, 17, 2, 4}, {1, 3, 8, 1}, {0, 0, 715, 15}, {14, 0, 1, 18}}","{{0, 0, 0, 0}, {0, 0, 0, 0}, {0, 0, 88, 0}, {0, 0, 0, 0}}"
"{{22, 1, 216, 54}, {2, 23, 5, 149}, {20, 38, 7, 51}, {6, 10, 2, 25}}","{{1893, 210, 186, 57}, {174, 9, 6, 164}, {20, 28, 7, 35}, {6, 9, 4, 22}}","{{94, 55, 6, 0}, {35, 4, 0, 5}, {1, 0, 0, 1}, {1, 0, 0, 0}}","{{202, 25, 0, 0}, {26, 0, 0, 0}, {0, 0, 0, 0}, {0, 0, 0, 0}}"
"{{6, 399, 111, 3}, {1, 44, 11, 313}, {41, 66, 1, 85}, {13, 2, 6, 1958}}","{{233, 9, 0, 206}, {29, 3, 0, 5}, {0, 0, 13, 2}, {0, 17, 0, 65}}","{{9, 0, 0, 3}, {6, 0, 0, 0}, {0, 0, 0, 0}, {0, 0, 0, 188}}","{{43, 0, 0, 25}, {0, 0, 0, 0}, {0, 0, 0, 0}, {0, 0, 0, 0}}"
"{{1515, 179, 323, 155}, {22, 40, 10, 64}, {19, 230, 31, 60}, {11, 8, 5, 89}}","{{681, 112, 81, 82}, {14, 7, 1, 21}, {0, 76, 10, 5}, {1, 5, 1, 20}}","{{15, 0, 4, 0}, {0, 0, 0, 2}, {0, 12, 0, 1}, {2, 0, 0, 2}}","{{0, 0, 0, 0}, {0, 0, 0, 0}, {0, 0, 0, 0}, {0, 0, 0, 0}}"
"{{1710, 201, 42, 10}, {19, 6, 238, 348}, {29, 9, 227, 30}, {49, 56, 9, 87}}","{{455, 32, 5, 4}, {0, 0, 53, 60}, {7, 2, 91, 11}, {17, 31, 4, 23}}","{{46, 4, 0, 0}, {0, 0, 0, 0}, {0, 0, 0, 0}, {0, 0, 0, 1}}","{{0, 0, 0, 0}, {0, 0, 0, 0}, {0, 0, 0, 0}, {0, 0, 0, 0}}"
"{{1, 65, 13, 1}, {10, 4, 2, 4}, {48, 11, 18, 6}, {27, 41, 8, 14}}","{{4, 1637, 290, 60}, {184, 25, 39, 225}, {3, 1, 210, 5}, {2, 46, 5, 5}}","{{1, 177, 5, 50}, {16, 1, 6, 8}, {15, 2, 11, 0}, {12, 0, 0, 0}}","{{0, 332, 100, 0}, {27, 6, 0, 81}, {0, 0, 52, 0}, {0, 0, 0, 0}}"
"{{294, 79, 30, 235}, {31, 49, 9, 57}, {11, 2, 1247, 138}, {106, 17, 5, 5}}","{{76, 19, 14, 51}, {8, 13, 2, 18}, {5, 2, 812, 128}, {106, 16, 2, 5}}","{{38, 13, 3, 32}, {2, 4, 3, 12}, {3, 2, 152, 25}, {25, 3, 4, 3}}","{{0, 0, 0, 0}, {0, 0, 0, 0}, {0, 0, 0, 0}, {0, 0, 0, 0}}"
"{{1354, 180, 305, 61}, {145, 24, 36, 7}, {272, 31, 33, 9}, {47, 7, 10, 4}}","{{857, 111, 103, 49}, {92, 12, 11, 4}, {45, 10, 33, 5}, {40, 5, 9, 2}}","{{0, 0, 0, 1}, {0, 0, 0, 0}, {1, 0, 0, 0}, {0, 1, 0, 0}}","{{0, 0, 0, 0}, {0, 0, 0, 0}, {0, 0, 0, 0}, {0, 0, 0, 0}}"
"{{37, 1, 361, 82}, {1, 32, 40, 279}, {37, 59, 13, 7}, {16, 9, 62, 3}}","{{1750, 234, 20, 29}, {193, 4, 4, 12}, {2, 4, 1, 6}, {3, 2, 25, 3}}","{{15, 1, 27, 0}, {1, 0, 3, 27}, {2, 3, 0, 0}, {0, 0, 0, 0}}","{{409, 55, 0, 0}, {42, 0, 0, 0}, {0, 0, 0, 0}, {0, 0, 0, 0}}"
"{{235, 78, 193, 30}, {32, 6, 261, 34}, {13, 11, 18, 1715}, {65, 314, 57, 5}}","{{45, 5, 33, 5}, {1, 5, 5, 7}, {1, 2, 1, 269}, {6, 7, 9, 1}}","{{11, 28, 11, 1}, {14, 0, 52, 0}, {0, 0, 0, 227}, {16, 87, 0, 0}}","{{0, 0, 0, 0}, {0, 0, 0, 0}, {0, 0, 0, 0}, {0, 0, 0, 0}}"
"{{1465, 329, 36, 215}, {28, 59, 4, 246}, {80, 178, 29, 8}, {52, 6, 9, 14}}","{{746, 79, 11, 100}, {13, 28, 2, 43}, {31, 59, 6, 3}, {14, 8, 4, 5}}","{{0, 0, 0, 3}, {0, 0, 0, 2}, {0, 0, 1, 0}, {0, 0, 0, 0}}","{{0, 0, 0, 0}, {0, 0, 0, 0}, {0, 0, 0, 0}, {0, 0, 0, 0}}"
"{{216, 7, 16, 1}, {10, 60, 13, 19}, {6, 353, 95, 41}, {278, 37, 72, 10}}","{{1293, 207, 150, 29}, {1, 5, 1, 0}, {0, 53, 16, 6}, {40, 4, 15, 3}}","{{609, 73, 68, 6}, {0, 1, 0, 0}, {0, 2, 0, 0}, {0, 0, 0, 0}}","{{93, 4, 3, 0}, {0, 0, 0, 0}, {0, 0, 0, 0}, {0, 0, 0, 0}}"
"{{164, 55, 52, 44}, {10, 4, 32, 7}, {14, 5, 6, 5}, {1, 7, 2, 2}}","{{701, 63, 100, 66}, {10, 10, 95, 8}, {10, 1, 4, 10}, {10, 6, 2, 4}}","{{1099, 165, 256, 113}, {16, 33, 191, 26}, {42, 8, 8, 94}, {0, 73, 9, 0}}","{{247, 8, 0, 14}, {0, 0, 0, 0}, {0, 0, 1, 2}, {0, 1, 0, 0}}"
"{{1133, 145, 260, 89}, {18, 28, 9, 12}, {70, 9, 6, 133}, {193, 26, 53, 16}}","{{905, 108, 107, 12}, {13, 16, 2, 2}, {5, 2, 0, 80}, {99, 13, 10, 3}}","{{173, 38, 41, 10}, {5, 3, 0, 0}, {12, 2, 0, 24}, {26, 2, 3, 0}}","{{0, 0, 0, 0}, {0, 0, 0, 0}, {0, 0, 0, 0}, {0, 0, 0, 0}}"
"{{30, 3, 362, 103}, {1, 26, 39, 10}, {257, 33, 41, 12}, {80, 13, 18, 6}}","{{1642, 198, 19, 4}, {183, 10, 1, 1}, {40, 6, 16, 2}, {3, 0, 1, 0}}","{{435, 85, 27, 4}, {50, 0, 7, 0}, {21, 2, 9, 0}, {4, 0, 0, 0}}","{{104, 5, 0, 0}, {3, 0, 0, 0}, {0, 0, 0, 0}, {0, 0, 0, 0}}"
"{{176, 48, 36, 7}, {8, 7, 63, 49}, {6, 6, 19, 32}, {4, 1, 2, 2}}","{{1511, 145, 128, 16}, {44, 6, 159, 60}, {21, 5, 166, 54}, {9, 4, 25, 6}}","{{505, 94, 64, 12}, {14, 1, 165, 2}, {19, 0, 117, 1}, {0, 1, 12, 8}}","{{19, 4, 9, 1}, {0, 0, 21, 0}, {1, 0, 16, 0}, {0, 0, 2, 3}}"
"{{304, 10, 45, 2}, {5, 3, 37, 9}, {21, 1, 3, 1}, {18, 14, 21, 13}}","{{1126, 357, 63, 42}, {5, 293, 4, 56}, {61, 11, 15, 5}, {158, 133, 8, 1}}","{{412, 41, 3, 3}, {1, 22, 0, 1}, {5, 1, 1, 0}, {58, 47, 7, 0}}","{{369, 0, 0, 0}, {0, 0, 0, 0}, {0, 0, 0, 0}, {57, 43, 0, 0}}"
"{{1076, 175, 29, 113}, {23, 2, 35, 5}, {1, 118, 17, 24}, {2, 200, 19, 5}}","{{994, 106, 81, 110}, {12, 9, 52, 8}, {5, 184, 22, 37}, {10, 180, 26, 13}}","{{1, 10, 1, 14}, {1, 0, 0, 0}, {0, 16, 2, 5}, {2, 28, 2, 1}}","{{140, 0, 0, 0}, {0, 0, 0, 0}, {0, 0, 0, 0}, {0, 0, 0, 0}}"
"{{845, 84, 60, 28}, {58, 8, 8, 2}, {60, 10, 18, 4}, {23, 3, 1, 6}}","{{1304, 204, 340, 83}, {176, 28, 39, 9}, {249, 27, 44, 10}, {64, 10, 18, 0}}","{{2, 3, 8, 0}, {3, 0, 0, 0}, {9, 4, 1, 0}, {0, 0, 0, 0}}","{{60, 0, 0, 0}, {0, 0, 0, 0}, {0, 0, 3, 0}, {0, 0, 0, 0}}"
"{{92, 3, 357, 110}, {5, 23, 42, 11}, {289, 40, 57, 14}, {86, 12, 17, 6}}","{{1239, 158, 5, 1}, {145, 7, 1, 0}, {5, 1, 1, 0}, {1, 1, 2, 0}}","{{481, 73, 46, 0}, {43, 6, 4, 0}, {24, 0, 8, 0}, {0, 0, 0, 0}}","{{399, 57, 0, 0}, {44, 0, 0, 0}, {0, 0, 0, 0}, {0, 0, 0, 0}}"
"{{7, 10, 23, 4}, {10, 7, 1, 4}, {3, 28, 21, 4}, {1, 23, 51, 5}}","{{1055, 192, 45, 5}, {177, 56, 7, 9}, {2, 170, 109, 17}, {29, 18, 15, 7}}","{{563, 206, 43, 2}, {131, 24, 5, 6}, {1, 19, 31, 1}, {17, 0, 0, 2}}","{{586, 0, 0, 0}, {0, 0, 0, 0}, {0, 74, 76, 14}, {0, 0, 0, 0}}"
"{{302, 6, 262, 57}, {19, 26, 28, 5}, {193, 32, 7, 60}, {10, 13, 3, 20}}","{{1231, 191, 102, 47}, {154, 8, 16, 6}, {88, 25, 6, 22}, {3, 6, 3, 15}}","{{150, 53, 44, 7}, {35, 2, 3, 0}, {37, 9, 1, 5}, {0, 0, 0, 6}}","{{528, 41, 0, 0}, {29, 0, 0, 0}, {0, 0, 0, 0}, {0, 0, 0, 0}}"
"{{18, 780, 125, 112}, {10, 22, 9, 4}, {28, 4, 10, 7}, {40, 8, 50, 11}}","{{6, 728, 65, 60}, {10, 31, 6, 1}, {54, 3, 2, 1}, {129, 15, 83, 25}}","{{11, 403, 66, 48}, {18, 27, 3, 1}, {22, 3, 2, 4}, {180, 18, 140, 25}}","{{1, 300, 35, 17}, {3, 7, 1, 0}, {7, 1, 0, 1}, {59, 6, 45, 5}}"
"{{920, 154, 240, 29}, {123, 22, 32, 3}, {201, 23, 28, 3}, {36, 6, 5, 1}}","{{1140, 131, 167, 82}, {108, 14, 15, 8}, {117, 18, 37, 11}, {51, 7, 14, 5}}","{{33, 1, 1, 0}, {2, 0, 0, 0}, {0, 0, 1, 0}, {0, 0, 0, 0}}","{{118, 5, 0, 0}, {4, 0, 0, 0}, {0, 0, 0, 0}, {0, 0, 0, 0}}"
"{{1053, 132, 25, 49}, {14, 6, 199, 215}, {86, 24, 9, 207}, {29, 59, 9, 15}}","{{1086, 100, 11, 11}, {0, 0, 87, 157}, {25, 21, 2, 74}, {6, 28, 4, 4}}","{{45, 5, 0, 6}, {0, 0, 5, 36}, {0, 2, 0, 37}, {6, 0, 0, 0}}","{{27, 0, 0, 0}, {0, 0, 0, 0}, {0, 0, 0, 0}, {0, 0, 0, 0}}"
"{{191, 30, 19, 2}, {164, 20, 27, 4}, {36, 4, 3, 1}, {98, 70, 469, 12}}","{{173, 81, 23, 9}, {135, 19, 36, 10}, {51, 9, 15, 5}, {148, 123, 1188, 19}}","{{44, 0, 5, 0}, {19, 2, 3, 0}, {0, 0, 1, 0}, {11, 19, 290, 1}}","{{0, 0, 0, 0}, {0, 0, 0, 0}, {0, 0, 0, 0}, {34, 25, 264, 4}}"
"{{250, 26, 14, 4}, {31, 8, 27, 6}, {24, 3, 2, 4}, {1, 4, 2, 5}}","{{1160, 108, 104, 14}, {151, 21, 120, 12}, {36, 11, 16, 80}, {8, 51, 8, 1}}","{{401, 113, 76, 14}, {179, 15, 141, 19}, {6, 0, 1, 27}, {2, 32, 3, 0}}","{{400, 44, 43, 4}, {47, 3, 30, 4}, {0, 0, 0, 0}, {0, 0, 0, 0}}"
"{{1816, 236, 392, 93}, {196, 32, 9, 40}, {59, 14, 72, 11}, {18, 6, 42, 308}}","{{305, 53, 12, 17}, {34, 3, 2, 1}, {7, 0, 12, 2}, {1, 0, 4, 9}}","{{90, 2, 4, 1}, {7, 1, 0, 0}, {0, 0, 3, 0}, {0, 0, 1, 1}}","{{0, 0, 0, 0}, {0, 0, 0, 0}, {0, 0, 0, 0}, {0, 0, 0, 0}}"
"{{2, 279, 110, 220}, {36, 11, 41, 64}, {14, 87, 13, 19}, {6, 383, 45, 309}}","{{1943, 10, 1, 10}, {0, 0, 0, 2}, {0, 0, 0, 0}, {0, 12, 1, 6}}","{{192, 2, 0, 7}, {0, 0, 0, 0}, {0, 0, 0, 0}, {0, 13, 1, 3}}","{{74, 0, 0, 0}, {0, 0, 0, 0}, {0, 0, 0, 0}, {0, 0, 0, 0}}"
"{{58, 8, 57, 3}, {1, 1, 82, 22}, {12, 4, 6, 81}, {1, 6, 1, 10}}","{{349, 39, 261, 63}, {13, 18, 1869, 258}, {213, 32, 35, 1}, {12, 0, 106, 1}}","{{1, 0, 0, 0}, {0, 0, 208, 8}, {9, 0, 0, 5}, {0, 0, 4, 0}}","{{0, 0, 0, 0}, {0, 0, 52, 3}, {3, 0, 0, 0}, {0, 0, 0, 0}}"
"{{1, 1171, 104, 54}, {93, 9, 3, 8}, {35, 4, 2, 82}, {13, 2, 6, 94}}","{{12, 1023, 183, 345}, {18, 27, 44, 3}, {278, 37, 62, 5}, {0, 16, 0, 138}}","{{1, 17, 4, 9}, {0, 0, 0, 0}, {4, 0, 1, 0}, {0, 1, 0, 3}}","{{0, 0, 0, 0}, {0, 0, 0, 0}, {1, 0, 1, 0}, {0, 0, 0, 2}}"
"{{40, 5, 42, 7}, {3, 694, 50, 11}, {33, 8, 7, 2}, {5, 90, 63, 9}}","{{71, 6, 44, 6}, {3, 1298, 357, 36}, {283, 33, 58, 12}, {14, 195, 159, 26}}","{{0, 0, 1, 0}, {0, 95, 1, 0}, {2, 0, 1, 0}, {0, 2, 10, 1}}","{{0, 0, 0, 0}, {0, 124, 0, 0}, {0, 0, 0, 0}, {0, 4, 5, 0}}"
"{{471, 58, 43, 7}, {238, 40, 4, 198}, {4, 47, 7, 4}, {1, 32, 24, 22}}","{{1450, 155, 136, 17}, {84, 60, 6, 71}, {10, 33, 6, 12}, {5, 7, 13, 35}}","{{254, 71, 52, 9}, {86, 11, 1, 49}, {0, 7, 0, 3}, {0, 8, 4, 9}}","{{36, 7, 6, 3}, {0, 0, 0, 0}, {0, 0, 0, 0}, {0, 0, 0, 0}}"
"{{1175, 128, 123, 83}, {116, 16, 18, 141}, {9, 22, 42, 52}, {8, 13, 5, 13}}","{{908, 128, 240, 28}, {97, 15, 25, 149}, {2, 14, 19, 35}, {4, 4, 1, 1}}","{{1, 35, 25, 0}, {1, 5, 3, 7}, {0, 5, 5, 0}, {1, 2, 0, 0}}","{{127, 0, 20, 0}, {23, 0, 1, 21}, {0, 0, 0, 0}, {0, 0, 0, 0}}"
"{{7, 129, 241, 75}, {110, 17, 26, 7}, {211, 29, 52, 48}, {7, 11, 2, 989}}","{{7, 144, 161, 33}, {109, 14, 20, 4}, {105, 11, 12, 32}, {5, 8, 4, 1149}}","{{0, 18, 4, 3}, {18, 5, 1, 0}, {1, 1, 2, 7}, {1, 0, 0, 7}}","{{0, 0, 2, 0}, {0, 0, 0, 0}, {1, 0, 0, 0}, {0, 0, 0, 66}}"
"{{2109, 277, 370, 92}, {228, 34, 43, 10}, {267, 32, 77, 12}, {6, 61, 10, 16}}","{{32, 4, 35, 17}, {3, 1, 4, 1}, {44, 6, 10, 1}, {0, 3, 3, 3}}","{{70, 10, 3, 2}, {6, 1, 0, 0}, {7, 3, 0, 0}, {0, 2, 1, 0}}","{{0, 0, 0, 0}, {0, 0, 0, 0}, {0, 0, 0, 0}, {0, 0, 0, 0}}"
"{{1639, 247, 390, 101}, {192, 32, 46, 10}, {300, 35, 58, 13}, {81, 13, 16, 6}}","{{570, 43, 14, 10}, {45, 4, 1, 1}, {15, 6, 7, 1}, {1, 0, 1, 0}}","{{2, 1, 4, 0}, {0, 0, 0, 0}, {3, 0, 1, 0}, {5, 0, 2, 0}}","{{0, 0, 0, 0}, {0, 0, 0, 0}, {0, 0, 0, 0}, {0, 0, 0, 0}}"
"{{1, 150, 3, 75}, {6, 10, 7, 1}, {3, 42, 22, 4}, {77, 4, 52, 7}}","{{11, 1063, 181, 1}, {126, 1, 29, 14}, {1, 250, 11, 30}, {182, 54, 1, 6}}","{{2, 682, 91, 35}, {82, 0, 1, 4}, {2, 10, 3, 13}, {59, 1, 34, 0}}","{{0, 316, 16, 0}, {23, 0, 4, 0}, {0, 106, 0, 0}, {0, 7, 0, 0}}"
"{{1098, 40, 54, 32}, {5, 75, 12, 10}, {7, 10, 3, 3}, {26, 8, 10, 5}}","{{855, 101, 216, 53}, {3, 159, 15, 44}, {6, 55, 10, 3}, {93, 10, 22, 10}}","{{258, 124, 40, 26}, {3, 20, 2, 1}, {1, 22, 0, 0}, {88, 15, 4, 1}}","{{0, 26, 98, 0}, {0, 64, 12, 11}, {0, 0, 0, 0}, {30, 3, 11, 3}}"
"{{831, 186, 89, 162}, {30, 10, 18, 33}, {6, 69, 9, 13}, {5, 293, 33, 166}}","{{1284, 95, 22, 70}, {6, 1, 16, 28}, {6, 17, 3, 6}, {1, 92, 10, 122}}","{{4, 1, 0, 5}, {0, 0, 7, 5}, {2, 1, 1, 0}, {0, 1, 4, 30}}","{{92, 9, 0, 0}, {0, 0, 0, 0}, {0, 0, 0, 0}, {0, 22, 0, 0}}"
"{{141, 279, 143, 21}, {36, 236, 30, 37}, {14, 1063, 52, 7}, {13, 38, 8, 5}}","{{144, 102, 92, 15}, {7, 71, 10, 28}, {3, 1057, 59, 4}, {1, 49, 5, 1}}","{{6, 4, 2, 0}, {4, 2, 1, 1}, {2, 91, 0, 0}, {0, 0, 0, 0}}","{{0, 23, 0, 0}, {0, 9, 0, 0}, {0, 0, 0, 0}, {0, 0, 0, 0}}"
"{{32, 64, 31, 34}, {3, 9, 3, 37}, {1, 7, 3, 22}, {3, 7, 3, 273}}","{{244, 317, 80, 176}, {31, 35, 8, 255}, {36, 50, 10, 65}, {10, 11, 3, 1650}}","{{12, 21, 0, 16}, {2, 3, 0, 24}, {4, 6, 1, 0}, {0, 1, 0, 115}}","{{3, 6, 0, 11}, {0, 0, 0, 2}, {0, 3, 0, 0}, {0, 0, 0, 173}}"
"{{565, 22, 38, 3}, {1, 44, 16, 156}, {6, 40, 9, 11}, {3, 22, 1, 2}}","{{745, 137, 112, 18}, {201, 63, 16, 95}, {6, 41, 3, 8}, {7, 13, 24, 3}}","{{544, 65, 54, 7}, {148, 4, 15, 67}, {2, 6, 1, 0}, {1, 6, 27, 1}}","{{357, 67, 33, 8}, {58, 0, 0, 0}, {0, 0, 0, 0}, {0, 0, 14, 0}}"
"{{1184, 121, 79, 60}, {28, 10, 8, 2}, {60, 10, 18, 4}, {23, 3, 1, 6}}","{{933, 162, 135, 324}, {83, 25, 37, 9}, {247, 31, 41, 10}, {64, 10, 17, 0}}","{{23, 4, 19, 2}, {0, 1, 2, 0}, {3, 0, 4, 0}, {0, 0, 1, 0}}","{{71, 4, 4, 22}, {0, 0, 0, 0}, {8, 0, 3, 0}, {0, 0, 0, 0}}"
"{{25, 16, 10, 27}, {1010, 22, 8, 1}, {3, 4, 6, 2}, {2, 3, 104, 69}}","{{358, 277, 54, 60}, {1137, 89, 26, 45}, {8, 35, 8, 11}, {17, 3, 181, 164}}","{{12, 10, 2, 0}, {64, 0, 2, 1}, {0, 1, 0, 0}, {0, 0, 6, 4}}","{{13, 15, 0, 0}, {0, 0, 0, 0}, {0, 1, 0, 0}, {0, 0, 0, 0}}"
"{{837, 152, 291, 66}, {120, 21, 31, 4}, {227, 25, 35, 4}, {66, 10, 12, 3}}","{{1236, 130, 101, 30}, {103, 13, 12, 6}, {85, 14, 24, 10}, {14, 3, 6, 3}}","{{39, 2, 16, 15}, {14, 2, 4, 1}, {6, 2, 7, 0}, {7, 0, 1, 0}}","{{99, 7, 0, 0}, {0, 0, 0, 0}, {0, 0, 0, 0}, {0, 0, 0, 0}}"
"{{10, 6, 274, 100}, {10, 161, 24, 47}, {12, 80, 16, 795}, {129, 104, 17, 33}}","{{3, 0, 131, 11}, {1, 149, 17, 19}, {1, 7, 3, 1124}, {158, 109, 16, 13}}","{{0, 0, 2, 0}, {0, 5, 0, 0}, {1, 0, 0, 213}, {4, 20, 3, 1}}","{{0, 0, 1, 0}, {0, 3, 0, 0}, {0, 0, 0, 79}, {0, 4, 0, 0}}"
"{{372, 12, 16, 15}, {7, 2, 49, 70}, {29, 6, 7, 2}, {20, 4, 4, 1}}","{{1302, 120, 124, 21}, {40, 9, 269, 337}, {81, 35, 59, 12}, {65, 9, 14, 5}}","{{496, 147, 90, 0}, {0, 0, 0, 1}, {1, 0, 0, 0}, {2, 0, 1, 0}}","{{41, 12, 7, 0}, {0, 0, 0, 0}, {0, 0, 0, 0}, {0, 0, 0, 0}}"
"{{839, 140, 276, 112}, {20, 30, 222, 23}, {37, 7, 11, 5}, {88, 6, 57, 9}}","{{1261, 139, 105, 106}, {15, 15, 86, 16}, {23, 4, 8, 1}, {23, 5, 30, 4}}","{{1, 12, 27, 19}, {1, 2, 10, 2}, {6, 3, 0, 0}, {0, 0, 0, 0}}","{{110, 0, 0, 0}, {0, 0, 0, 0}, {0, 0, 0, 0}, {0, 0, 0, 0}}"
"{{1894, 187, 23, 5}, {1, 43, 34, 3}, {7, 60, 11, 21}, {16, 2, 3, 176}}","{{306, 104, 13, 5}, {8, 138, 77, 11}, {4, 139, 16, 14}, {71, 11, 3, 60}}","{{11, 0, 0, 4}, {10, 227, 0, 33}, {0, 119, 14, 31}, {0, 0, 0, 1}}","{{0, 0, 0, 0}, {0, 0, 0, 0}, {0, 0, 0, 0}, {0, 0, 0, 0}}"
"{{1881, 254, 384, 33}, {43, 313, 40, 58}, {14, 79, 17, 98}, {200, 10, 12, 5}}","{{330, 37, 23, 3}, {4, 5, 1, 8}, {0, 8, 2, 13}, {37, 1, 1, 1}}","{{0, 0, 1, 0}, {0, 0, 0, 0}, {0, 0, 0, 0}, {0, 0, 0, 0}}","{{0, 0, 0, 0}, {0, 0, 0, 0}, {0, 0, 0, 0}, {0, 0, 0, 0}}"
"{{1797, 171, 241, 82}, {164, 18, 5, 10}, {66, 5, 4, 27}, {191, 25, 42, 12}}","{{344, 108, 164, 26}, {69, 17, 6, 4}, {20, 7, 2, 20}, {125, 15, 22, 7}}","{{70, 12, 3, 3}, {4, 1, 0, 0}, {1, 1, 0, 0}, {2, 1, 2, 0}}","{{0, 0, 0, 0}, {0, 0, 0, 0}, {0, 0, 0, 0}, {0, 0, 0, 0}}"
"{{2, 2, 1, 703}, {82, 103, 20, 49}, {6, 9, 38, 6}, {10, 13, 2, 26}}","{{8, 10, 5, 989}, {155, 297, 82, 129}, {23, 37, 270, 34}, {55, 1, 17, 51}}","{{1, 1, 0, 332}, {49, 2, 5, 50}, {7, 1, 2, 1}, {1, 0, 0, 4}}","{{0, 0, 0, 187}, {5, 6, 4, 9}, {0, 0, 8, 0}, {0, 0, 0, 6}}"
"{{564, 20, 43, 1}, {339, 38, 251, 11}, {11, 14, 5, 88}, {7, 35, 59, 65}}","{{1536, 256, 187, 34}, {41, 4, 50, 1}, {2, 2, 1, 5}, {1, 4, 2, 8}}","{{62, 12, 5, 1}, {28, 5, 17, 2}, {0, 3, 0, 18}, {3, 2, 5, 14}}","{{49, 3, 2, 0}, {0, 0, 0, 0}, {0, 0, 0, 0}, {0, 0, 0, 0}}"
"{{1937, 32, 52, 37}, {20, 5, 8, 5}, {66, 14, 26, 16}, {3, 6, 3, 10}}","{{274, 219, 332, 74}, {189, 29, 36, 6}, {221, 24, 36, 71}, {10, 13, 3, 3}}","{{0, 40, 12, 0}, {28, 2, 1, 0}, {21, 1, 2, 0}, {0, 0, 0, 1}}","{{0, 0, 12, 0}, {0, 0, 2, 0}, {10, 2, 2, 0}, {0, 0, 0, 0}}"
"{{8, 1, 404, 72}, {199, 29, 47, 312}, {40, 61, 8, 54}, {17, 4, 7, 9}}","{{1880, 226, 4, 39}, {21, 5, 0, 6}, {1, 5, 6, 33}, {2, 2, 4, 4}}","{{153, 47, 0, 0}, {17, 2, 0, 0}, {0, 0, 0, 0}, {0, 0, 0, 0}}","{{170, 17, 0, 0}, {0, 0, 0, 0}, {0, 0, 0, 0}, {0, 0, 0, 0}}"
"{{729, 27, 3, 408}, {98, 41, 47, 9}, {318, 41, 65, 13}, {81, 13, 16, 4}}","{{1097, 207, 24, 0}, {13, 141, 0, 2}, {0, 0, 1, 1}, {6, 0, 3, 2}}","{{19, 16, 4, 0}, {0, 10, 0, 0}, {0, 0, 0, 0}, {0, 0, 0, 0}}","{{366, 41, 5, 0}, {0, 45, 0, 0}, {0, 0, 0, 0}, {0, 0, 0, 0}}"
"{{2211, 264, 385, 82}, {218, 31, 43, 6}, {285, 37, 60, 9}, {78, 11, 15, 3}}","{{0, 27, 23, 29}, {19, 5, 4, 5}, {33, 4, 6, 5}, {9, 2, 4, 3}}","{{0, 0, 0, 0}, {0, 0, 0, 0}, {0, 0, 0, 0}, {0, 0, 0, 0}}","{{0, 0, 0, 0}, {0, 0, 0, 0}, {0, 0, 0, 0}, {0, 0, 0, 0}}"